id,session_id,tg_user_id,cookie_id,content_type,content_id,content_title,section,time_spent,scroll_depth,completion_rate,viewed_at
1,5,,a50fab0e-d088-4851-8b0c-67d73f8639ca,page,main,,Main Page,0,0,,2026-01-23 16:38:38
2,5,,a50fab0e-d088-4851-8b0c-67d73f8639ca,page,main,,Main Page,0,0,,2026-01-23 16:38:38
3,5,,a50fab0e-d088-4851-8b0c-67d73f8639ca,page,main,,,5,0,,2026-01-23 16:38:43
4,5,,a50fab0e-d088-4851-8b0c-67d73f8639ca,page,main,,,55,0,,2026-01-23 16:39:33
5,5,,a50fab0e-d088-4851-8b0c-67d73f8639ca,page,main,,,91,0,,2026-01-23 16:40:09
6,5,,a50fab0e-d088-4851-8b0c-67d73f8639ca,page,main,,,200,0,,2026-01-23 16:41:58
7,6,,a50fab0e-d088-4851-8b0c-67d73f8639ca,page,main,,Main Page,0,0,,2026-01-23 16:43:45
8,6,,a50fab0e-d088-4851-8b0c-67d73f8639ca,page,main,,Main Page,0,0,,2026-01-23 16:43:46
9,6,,a50fab0e-d088-4851-8b0c-67d73f8639ca,page,main,,,5,0,,2026-01-23 16:43:50
10,6,,a50fab0e-d088-4851-8b0c-67d73f8639ca,page,main,,,48,0,,2026-01-23 16:44:34
11,7,,a50fab0e-d088-4851-8b0c-67d73f8639ca,page,main,,Main Page,0,0,,2026-01-23 16:45:18
12,7,,a50fab0e-d088-4851-8b0c-67d73f8639ca,page,main,,Main Page,0,0,,2026-01-23 16:45:18
13,7,,a50fab0e-d088-4851-8b0c-67d73f8639ca,page,main,,,5,0,,2026-01-23 16:45:22
14,7,,a50fab0e-d088-4851-8b0c-67d73f8639ca,page,main,,,15,0,,2026-01-23 16:45:33
15,8,,f0fe1a66-8cff-48b8-afd4-91c4799e8c3f,page,main,,Main Page,0,0,,2026-01-23 16:46:11
16,8,,f0fe1a66-8cff-48b8-afd4-91c4799e8c3f,page,main,,Main Page,0,0,,2026-01-23 16:46:11
17,8,,f0fe1a66-8cff-48b8-afd4-91c4799e8c3f,page,main,,,5,0,,2026-01-23 16:46:16
18,7,,a50fab0e-d088-4851-8b0c-67d73f8639ca,page,main,,,91,0,,2026-01-23 16:46:49
19,8,,f0fe1a66-8cff-48b8-afd4-91c4799e8c3f,page,main,,,101,0,,2026-01-23 16:47:53
20,9,,a50fab0e-d088-4851-8b0c-67d73f8639ca,page,main,,Main Page,0,0,,2026-01-23 16:48:15
21,9,,a50fab0e-d088-4851-8b0c-67d73f8639ca,page,main,,Main Page,0,0,,2026-01-23 16:48:15
22,9,,a50fab0e-d088-4851-8b0c-67d73f8639ca,page,main,,,5,0,,2026-01-23 16:48:20
23,9,,a50fab0e-d088-4851-8b0c-67d73f8639ca,page,main,,,26,0,,2026-01-23 16:48:42
24,9,,a50fab0e-d088-4851-8b0c-67d73f8639ca,page,main,,,149,0,,2026-01-23 16:50:45
25,9,,a50fab0e-d088-4851-8b0c-67d73f8639ca,page,main,,,432,0,,2026-01-23 16:55:28
26,7,,a50fab0e-d088-4851-8b0c-67d73f8639ca,page,main,,,612,0,,2026-01-23 16:55:30
27,11,,f0fe1a66-8cff-48b8-afd4-91c4799e8c3f,page,main,,Main Page,0,0,,2026-01-23 17:03:38
28,11,,f0fe1a66-8cff-48b8-afd4-91c4799e8c3f,page,main,,Main Page,0,0,,2026-01-23 17:03:38
29,11,,f0fe1a66-8cff-48b8-afd4-91c4799e8c3f,page,main,,,5,0,,2026-01-23 17:03:43
30,7,,a50fab0e-d088-4851-8b0c-67d73f8639ca,page,main,,,1143,0,,2026-01-23 17:04:21
31,7,,a50fab0e-d088-4851-8b0c-67d73f8639ca,page,main,,,1150,0,,2026-01-23 17:04:28
32,12,,f0fe1a66-8cff-48b8-afd4-91c4799e8c3f,page,main,,Main Page,0,0,,2026-01-23 17:04:54
33,12,,f0fe1a66-8cff-48b8-afd4-91c4799e8c3f,page,main,,Main Page,0,0,,2026-01-23 17:04:55
34,12,,f0fe1a66-8cff-48b8-afd4-91c4799e8c3f,page,main,,,5,0,,2026-01-23 17:05:00
35,12,,f0fe1a66-8cff-48b8-afd4-91c4799e8c3f,page,main,,,9,0,,2026-01-23 17:05:04
36,13,,a50fab0e-d088-4851-8b0c-67d73f8639ca,page,main,,Main Page,0,0,,2026-01-23 17:05:58
37,13,,a50fab0e-d088-4851-8b0c-67d73f8639ca,page,main,,Main Page,0,0,,2026-01-23 17:05:59
38,13,,a50fab0e-d088-4851-8b0c-67d73f8639ca,page,main,,,5,0,,2026-01-23 17:06:03
39,14,,a50fab0e-d088-4851-8b0c-67d73f8639ca,page,main,,Main Page,0,0,,2026-01-23 17:06:52
40,14,,a50fab0e-d088-4851-8b0c-67d73f8639ca,page,main,,Main Page,0,0,,2026-01-23 17:06:52
41,14,,a50fab0e-d088-4851-8b0c-67d73f8639ca,page,main,,,5,0,,2026-01-23 17:06:58
42,14,,a50fab0e-d088-4851-8b0c-67d73f8639ca,page,main,,,8,0,,2026-01-23 17:07:01
43,14,,a50fab0e-d088-4851-8b0c-67d73f8639ca,page,main,,,33,0,,2026-01-23 17:07:26
44,14,,a50fab0e-d088-4851-8b0c-67d73f8639ca,page,main,,,101,0,,2026-01-23 17:08:34
45,14,,a50fab0e-d088-4851-8b0c-67d73f8639ca,page,main,,,228,0,,2026-01-23 17:10:41
46,14,,a50fab0e-d088-4851-8b0c-67d73f8639ca,page,main,,,331,0,,2026-01-23 17:12:24
47,14,,a50fab0e-d088-4851-8b0c-67d73f8639ca,page,main,,,350,0,,2026-01-23 17:12:43
48,14,,a50fab0e-d088-4851-8b0c-67d73f8639ca,page,main,,,366,0,,2026-01-23 17:12:59
49,12,,f0fe1a66-8cff-48b8-afd4-91c4799e8c3f,page,main,,,564,0,,2026-01-23 17:14:19
50,14,,a50fab0e-d088-4851-8b0c-67d73f8639ca,page,main,,,501,0,,2026-01-23 17:15:14
51,14,,a50fab0e-d088-4851-8b0c-67d73f8639ca,page,main,,,527,0,,2026-01-23 17:15:40
52,9,,a50fab0e-d088-4851-8b0c-67d73f8639ca,page,main,,,1662,0,,2026-01-23 17:15:58
53,14,,a50fab0e-d088-4851-8b0c-67d73f8639ca,page,main,,,549,0,,2026-01-23 17:16:01
54,14,,a50fab0e-d088-4851-8b0c-67d73f8639ca,page,main,,,732,0,,2026-01-23 17:19:05
55,12,,f0fe1a66-8cff-48b8-afd4-91c4799e8c3f,page,main,,,1398,0,,2026-01-23 17:28:13
56,15,,f0fe1a66-8cff-48b8-afd4-91c4799e8c3f,page,main,,Main Page,0,0,,2026-01-23 17:29:02
57,15,,f0fe1a66-8cff-48b8-afd4-91c4799e8c3f,page,main,,Main Page,0,0,,2026-01-23 17:29:02
58,16,,a50fab0e-d088-4851-8b0c-67d73f8639ca,page,main,,Main Page,0,0,,2026-01-23 17:29:02
59,17,,a50fab0e-d088-4851-8b0c-67d73f8639ca,page,main,,Main Page,0,0,,2026-01-23 17:29:03
60,17,,a50fab0e-d088-4851-8b0c-67d73f8639ca,page,main,,Main Page,0,0,,2026-01-23 17:29:03
61,16,,a50fab0e-d088-4851-8b0c-67d73f8639ca,page,main,,Main Page,0,0,,2026-01-23 17:29:03
62,16,,a50fab0e-d088-4851-8b0c-67d73f8639ca,page,main,,,5,0,,2026-01-23 17:29:08
63,15,,f0fe1a66-8cff-48b8-afd4-91c4799e8c3f,page,main,,,5,0,,2026-01-23 17:29:08
64,17,,a50fab0e-d088-4851-8b0c-67d73f8639ca,page,main,,,5,0,,2026-01-23 17:29:08
65,15,,f0fe1a66-8cff-48b8-afd4-91c4799e8c3f,page,main,,,288,0,,2026-01-23 17:33:51
66,15,,f0fe1a66-8cff-48b8-afd4-91c4799e8c3f,page,main,,,444,0,,2026-01-23 17:36:26
67,15,,f0fe1a66-8cff-48b8-afd4-91c4799e8c3f,page,main,,,685,0,,2026-01-23 17:40:28
68,15,,f0fe1a66-8cff-48b8-afd4-91c4799e8c3f,page,main,,,1796,0,,2026-01-23 17:58:59
69,15,,f0fe1a66-8cff-48b8-afd4-91c4799e8c3f,page,main,,,1861,0,,2026-01-23 18:00:04
70,15,,f0fe1a66-8cff-48b8-afd4-91c4799e8c3f,page,main,,,1871,0,,2026-01-23 18:00:14
71,15,,f0fe1a66-8cff-48b8-afd4-91c4799e8c3f,page,main,,,2337,0,,2026-01-23 18:08:00
72,15,,f0fe1a66-8cff-48b8-afd4-91c4799e8c3f,page,main,,,3116,0,,2026-01-23 18:20:59
73,15,,f0fe1a66-8cff-48b8-afd4-91c4799e8c3f,page,main,,,3768,0,,2026-01-23 18:31:50
74,16,,a50fab0e-d088-4851-8b0c-67d73f8639ca,page,main,,,4283,0,,2026-01-23 18:40:26
75,16,,a50fab0e-d088-4851-8b0c-67d73f8639ca,page,main,,,4342,0,,2026-01-23 18:41:25
76,15,,f0fe1a66-8cff-48b8-afd4-91c4799e8c3f,page,main,,,4380,0,,2026-01-23 18:42:03
77,18,,a50fab0e-d088-4851-8b0c-67d73f8639ca,page,main,,Main Page,0,0,,2026-01-23 18:42:40
78,18,,a50fab0e-d088-4851-8b0c-67d73f8639ca,page,main,,Main Page,0,0,,2026-01-23 18:42:40
79,18,,a50fab0e-d088-4851-8b0c-67d73f8639ca,page,main,,,5,0,,2026-01-23 18:42:45
80,18,,a50fab0e-d088-4851-8b0c-67d73f8639ca,page,main,,,19,0,,2026-01-23 18:43:00
81,15,,f0fe1a66-8cff-48b8-afd4-91c4799e8c3f,page,main,,Main Page,0,0,,2026-01-23 18:43:53
82,15,,f0fe1a66-8cff-48b8-afd4-91c4799e8c3f,page,main,,Main Page,0,0,,2026-01-23 18:43:53
83,18,,a50fab0e-d088-4851-8b0c-67d73f8639ca,page,main,,Main Page,0,0,,2026-01-23 18:43:55
84,18,,a50fab0e-d088-4851-8b0c-67d73f8639ca,page,main,,Main Page,0,0,,2026-01-23 18:43:55
85,15,,f0fe1a66-8cff-48b8-afd4-91c4799e8c3f,page,main,,,5,0,,2026-01-23 18:43:58
86,18,,a50fab0e-d088-4851-8b0c-67d73f8639ca,page,main,,,5,0,,2026-01-23 18:44:00
87,15,,f0fe1a66-8cff-48b8-afd4-91c4799e8c3f,page,main,,Main Page,0,0,,2026-01-23 18:44:09
88,15,,f0fe1a66-8cff-48b8-afd4-91c4799e8c3f,page,main,,Main Page,0,0,,2026-01-23 18:44:09
89,15,,f0fe1a66-8cff-48b8-afd4-91c4799e8c3f,page,main,,,17,0,,2026-01-23 18:44:10
90,15,,f0fe1a66-8cff-48b8-afd4-91c4799e8c3f,page,main,,,5,0,,2026-01-23 18:44:14
91,15,,f0fe1a66-8cff-48b8-afd4-91c4799e8c3f,page,main,,,36,0,,2026-01-23 18:44:45
92,15,,f0fe1a66-8cff-48b8-afd4-91c4799e8c3f,page,main,,,67,0,,2026-01-23 18:45:16
93,19,,a50fab0e-d088-4851-8b0c-67d73f8639ca,page,main,,Main Page,0,0,,2026-01-23 18:45:24
94,19,,a50fab0e-d088-4851-8b0c-67d73f8639ca,page,main,,Main Page,0,0,,2026-01-23 18:45:24
95,19,,a50fab0e-d088-4851-8b0c-67d73f8639ca,page,main,,,5,0,,2026-01-23 18:45:29
96,19,,a50fab0e-d088-4851-8b0c-67d73f8639ca,page,main,,,577,0,,2026-01-23 18:55:01
97,15,,f0fe1a66-8cff-48b8-afd4-91c4799e8c3f,page,main,,Main Page,0,0,,2026-01-23 18:55:26
98,15,,f0fe1a66-8cff-48b8-afd4-91c4799e8c3f,page,main,,Main Page,0,0,,2026-01-23 18:55:26
99,19,,a50fab0e-d088-4851-8b0c-67d73f8639ca,page,main,,Main Page,0,0,,2026-01-23 18:55:27
100,19,,a50fab0e-d088-4851-8b0c-67d73f8639ca,page,main,,Main Page,0,0,,2026-01-23 18:55:27
101,15,,f0fe1a66-8cff-48b8-afd4-91c4799e8c3f,page,main,,,5,0,,2026-01-23 18:55:31
102,19,,a50fab0e-d088-4851-8b0c-67d73f8639ca,page,main,,,5,0,,2026-01-23 18:55:32
103,19,,a50fab0e-d088-4851-8b0c-67d73f8639ca,page,main,,,18,0,,2026-01-23 18:55:45
104,15,,f0fe1a66-8cff-48b8-afd4-91c4799e8c3f,page,main,,,292,0,,2026-01-23 19:00:19
105,20,,a50fab0e-d088-4851-8b0c-67d73f8639ca,page,main,,Main Page,0,0,,2026-01-23 19:00:23
106,20,,a50fab0e-d088-4851-8b0c-67d73f8639ca,page,main,,Main Page,0,0,,2026-01-23 19:00:24
107,20,,a50fab0e-d088-4851-8b0c-67d73f8639ca,page,main,,,5,0,,2026-01-23 19:00:28
108,20,,a50fab0e-d088-4851-8b0c-67d73f8639ca,page,main,,,37,0,,2026-01-23 19:01:01
109,20,,a50fab0e-d088-4851-8b0c-67d73f8639ca,page,main,,,216,0,,2026-01-23 19:04:00
110,21,,07fa14ee-20db-424a-b2ee-71c89584af89,page,main,,Main Page,0,0,,2026-01-23 19:04:46
111,21,,07fa14ee-20db-424a-b2ee-71c89584af89,page,main,,Main Page,0,0,,2026-01-23 19:04:47
112,21,,07fa14ee-20db-424a-b2ee-71c89584af89,page,main,,,5,0,,2026-01-23 19:04:52
113,15,,f0fe1a66-8cff-48b8-afd4-91c4799e8c3f,page,main,,,591,0,,2026-01-23 19:05:18
114,15,,f0fe1a66-8cff-48b8-afd4-91c4799e8c3f,page,main,,,799,0,,2026-01-23 19:08:46
115,22,,07fa14ee-20db-424a-b2ee-71c89584af89,page,main,,Main Page,0,0,,2026-01-23 19:12:41
116,22,,07fa14ee-20db-424a-b2ee-71c89584af89,page,main,,Main Page,0,0,,2026-01-23 19:12:41
117,22,,07fa14ee-20db-424a-b2ee-71c89584af89,page,main,,,5,0,,2026-01-23 19:12:46
118,15,,f0fe1a66-8cff-48b8-afd4-91c4799e8c3f,page,main,,,1109,0,,2026-01-23 19:13:56
119,23,,a50fab0e-d088-4851-8b0c-67d73f8639ca,page,main,,Main Page,0,0,,2026-01-23 19:16:02
120,23,,a50fab0e-d088-4851-8b0c-67d73f8639ca,page,main,,Main Page,0,0,,2026-01-23 19:16:02
121,23,,a50fab0e-d088-4851-8b0c-67d73f8639ca,page,main,,,5,0,,2026-01-23 19:16:07
122,24,,a50fab0e-d088-4851-8b0c-67d73f8639ca,page,main,,Main Page,0,0,,2026-01-23 19:17:18
123,24,,a50fab0e-d088-4851-8b0c-67d73f8639ca,page,main,,Main Page,0,0,,2026-01-23 19:17:18
124,24,,a50fab0e-d088-4851-8b0c-67d73f8639ca,page,main,,,5,0,,2026-01-23 19:17:23
125,24,,a50fab0e-d088-4851-8b0c-67d73f8639ca,page,main,,,28,0,,2026-01-23 19:17:47
126,24,,a50fab0e-d088-4851-8b0c-67d73f8639ca,page,main,,,48,0,,2026-01-23 19:18:07
127,25,,07fa14ee-20db-424a-b2ee-71c89584af89,page,main,,Main Page,0,0,,2026-01-23 19:19:40
128,25,,07fa14ee-20db-424a-b2ee-71c89584af89,page,main,,Main Page,0,0,,2026-01-23 19:19:40
129,25,,07fa14ee-20db-424a-b2ee-71c89584af89,page,main,,,5,0,,2026-01-23 19:19:45
130,15,,f0fe1a66-8cff-48b8-afd4-91c4799e8c3f,page,main,,,1718,0,,2026-01-23 19:24:05
131,26,,07fa14ee-20db-424a-b2ee-71c89584af89,page,main,,Main Page,0,0,,2026-01-23 19:32:00
132,26,,07fa14ee-20db-424a-b2ee-71c89584af89,page,main,,Main Page,0,0,,2026-01-23 19:32:01
133,26,,07fa14ee-20db-424a-b2ee-71c89584af89,page,main,,,5,0,,2026-01-23 19:32:05
134,15,,f0fe1a66-8cff-48b8-afd4-91c4799e8c3f,page,main,,,2209,0,,2026-01-23 19:32:16
135,15,,f0fe1a66-8cff-48b8-afd4-91c4799e8c3f,page,main,,,3453,0,,2026-01-23 19:53:00
136,15,,f0fe1a66-8cff-48b8-afd4-91c4799e8c3f,page,main,,,4924,0,,2026-01-23 20:17:31
137,15,,f0fe1a66-8cff-48b8-afd4-91c4799e8c3f,page,main,,,5111,0,,2026-01-23 20:20:38
138,15,,f0fe1a66-8cff-48b8-afd4-91c4799e8c3f,page,main,,,5128,0,,2026-01-23 20:20:55
139,15,,f0fe1a66-8cff-48b8-afd4-91c4799e8c3f,page,main,,,6530,0,,2026-01-23 20:44:17
140,15,,f0fe1a66-8cff-48b8-afd4-91c4799e8c3f,page,main,,,6599,0,,2026-01-23 20:45:26
141,15,,f0fe1a66-8cff-48b8-afd4-91c4799e8c3f,page,main,,,6648,0,,2026-01-23 20:46:14
142,15,,f0fe1a66-8cff-48b8-afd4-91c4799e8c3f,page,main,,Main Page,0,0,,2026-01-23 20:46:15
143,15,,f0fe1a66-8cff-48b8-afd4-91c4799e8c3f,page,main,,Main Page,0,0,,2026-01-23 20:46:15
144,15,,f0fe1a66-8cff-48b8-afd4-91c4799e8c3f,page,main,,Main Page,0,0,,2026-01-23 20:46:20
145,15,,f0fe1a66-8cff-48b8-afd4-91c4799e8c3f,page,main,,Main Page,0,0,,2026-01-23 20:46:20
146,15,,f0fe1a66-8cff-48b8-afd4-91c4799e8c3f,page,main,,,5,0,,2026-01-23 20:46:20
147,15,,f0fe1a66-8cff-48b8-afd4-91c4799e8c3f,page,main,,,5,0,,2026-01-23 20:46:20
148,15,,f0fe1a66-8cff-48b8-afd4-91c4799e8c3f,page,main,,,5,0,,2026-01-23 20:46:25
149,27,,07fa14ee-20db-424a-b2ee-71c89584af89,page,main,,Main Page,0,0,,2026-01-23 20:46:58
150,27,,07fa14ee-20db-424a-b2ee-71c89584af89,page,main,,Main Page,0,0,,2026-01-23 20:46:58
151,27,,07fa14ee-20db-424a-b2ee-71c89584af89,page,main,,,5,0,,2026-01-23 20:47:03
152,28,,f0fe1a66-8cff-48b8-afd4-91c4799e8c3f,page,main,,Main Page,0,0,,2026-01-23 20:54:06
153,28,,f0fe1a66-8cff-48b8-afd4-91c4799e8c3f,page,main,,Main Page,0,0,,2026-01-23 20:54:06
154,28,,f0fe1a66-8cff-48b8-afd4-91c4799e8c3f,page,main,,,5,0,,2026-01-23 20:54:10
155,28,,f0fe1a66-8cff-48b8-afd4-91c4799e8c3f,page,main,,,5,0,,2026-01-23 20:54:11
156,17,,a50fab0e-d088-4851-8b0c-67d73f8639ca,page,main,,,12342,0,,2026-01-23 20:54:45
157,17,,a50fab0e-d088-4851-8b0c-67d73f8639ca,page,main,,,12392,0,,2026-01-23 20:55:35
158,28,,f0fe1a66-8cff-48b8-afd4-91c4799e8c3f,page,main,,Main Page,0,0,,2026-01-23 21:00:38
159,28,,f0fe1a66-8cff-48b8-afd4-91c4799e8c3f,page,main,,Main Page,0,0,,2026-01-23 21:00:38
160,28,,f0fe1a66-8cff-48b8-afd4-91c4799e8c3f,page,main,,,5,0,,2026-01-23 21:00:44
161,28,,f0fe1a66-8cff-48b8-afd4-91c4799e8c3f,page,main,,,5,0,,2026-01-23 21:00:44
162,28,,f0fe1a66-8cff-48b8-afd4-91c4799e8c3f,page,main,,Main Page,0,0,,2026-01-23 21:00:46
163,28,,f0fe1a66-8cff-48b8-afd4-91c4799e8c3f,page,main,,Main Page,0,0,,2026-01-23 21:00:46
164,17,,a50fab0e-d088-4851-8b0c-67d73f8639ca,page,main,,,12705,0,,2026-01-23 21:00:48
165,28,,f0fe1a66-8cff-48b8-afd4-91c4799e8c3f,page,main,,,5,0,,2026-01-23 21:00:52
166,28,,f0fe1a66-8cff-48b8-afd4-91c4799e8c3f,page,main,,,5,0,,2026-01-23 21:00:52
167,28,,f0fe1a66-8cff-48b8-afd4-91c4799e8c3f,page,main,,Main Page,0,0,,2026-01-23 21:01:23
168,28,,f0fe1a66-8cff-48b8-afd4-91c4799e8c3f,page,main,,Main Page,0,0,,2026-01-23 21:01:23
169,28,,f0fe1a66-8cff-48b8-afd4-91c4799e8c3f,page,main,,,5,0,,2026-01-23 21:01:29
170,28,,f0fe1a66-8cff-48b8-afd4-91c4799e8c3f,page,main,,,5,0,,2026-01-23 21:01:29
171,29,,a50fab0e-d088-4851-8b0c-67d73f8639ca,page,main,,Main Page,0,0,,2026-01-23 21:03:01
172,29,,a50fab0e-d088-4851-8b0c-67d73f8639ca,page,main,,Main Page,0,0,,2026-01-23 21:03:01
173,29,,a50fab0e-d088-4851-8b0c-67d73f8639ca,page,main,,,5,0,,2026-01-23 21:03:06
174,30,,a50fab0e-d088-4851-8b0c-67d73f8639ca,page,main,,Main Page,0,0,,2026-01-23 21:03:29
175,30,,a50fab0e-d088-4851-8b0c-67d73f8639ca,page,main,,Main Page,0,0,,2026-01-23 21:03:29
176,30,,a50fab0e-d088-4851-8b0c-67d73f8639ca,page,main,,,5,0,,2026-01-23 21:03:34
177,30,,a50fab0e-d088-4851-8b0c-67d73f8639ca,page,main,,,38,0,,2026-01-23 21:04:07
178,28,,f0fe1a66-8cff-48b8-afd4-91c4799e8c3f,page,main,,Main Page,0,0,,2026-01-23 21:04:58
179,28,,f0fe1a66-8cff-48b8-afd4-91c4799e8c3f,page,main,,Main Page,0,0,,2026-01-23 21:04:58
180,28,,f0fe1a66-8cff-48b8-afd4-91c4799e8c3f,page,main,,,5,0,,2026-01-23 21:05:04
181,28,,f0fe1a66-8cff-48b8-afd4-91c4799e8c3f,page,main,,,5,0,,2026-01-23 21:05:04
182,28,,f0fe1a66-8cff-48b8-afd4-91c4799e8c3f,page,main,,Main Page,0,0,,2026-01-23 21:05:04
183,28,,f0fe1a66-8cff-48b8-afd4-91c4799e8c3f,page,main,,Main Page,0,0,,2026-01-23 21:05:05
184,28,,f0fe1a66-8cff-48b8-afd4-91c4799e8c3f,page,main,,Main Page,0,0,,2026-01-23 21:05:10
185,28,,f0fe1a66-8cff-48b8-afd4-91c4799e8c3f,page,main,,Main Page,0,0,,2026-01-23 21:05:10
186,28,,f0fe1a66-8cff-48b8-afd4-91c4799e8c3f,page,main,,,5,0,,2026-01-23 21:05:10
187,28,,f0fe1a66-8cff-48b8-afd4-91c4799e8c3f,page,main,,,5,0,,2026-01-23 21:05:11
188,28,,f0fe1a66-8cff-48b8-afd4-91c4799e8c3f,page,main,,,5,0,,2026-01-23 21:05:16
189,31,,f0fe1a66-8cff-48b8-afd4-91c4799e8c3f,page,main,,Main Page,0,0,,2026-01-23 21:06:05
190,31,,f0fe1a66-8cff-48b8-afd4-91c4799e8c3f,page,main,,Main Page,0,0,,2026-01-23 21:06:06
191,31,,f0fe1a66-8cff-48b8-afd4-91c4799e8c3f,page,main,,,5,0,,2026-01-23 21:06:10
192,32,,07fa14ee-20db-424a-b2ee-71c89584af89,page,main,,Main Page,0,0,,2026-01-23 21:06:19
193,32,,07fa14ee-20db-424a-b2ee-71c89584af89,page,main,,Main Page,0,0,,2026-01-23 21:06:19
194,32,,07fa14ee-20db-424a-b2ee-71c89584af89,page,main,,,5,0,,2026-01-23 21:06:24
195,31,,f0fe1a66-8cff-48b8-afd4-91c4799e8c3f,page,main,,,42,0,,2026-01-23 21:06:48
196,31,,f0fe1a66-8cff-48b8-afd4-91c4799e8c3f,page,main,,,49,0,,2026-01-23 21:06:55
197,33,,07fa14ee-20db-424a-b2ee-71c89584af89,page,main,,Main Page,0,0,,2026-01-23 21:06:56
198,33,,07fa14ee-20db-424a-b2ee-71c89584af89,page,main,,Main Page,0,0,,2026-01-23 21:06:56
199,34,,a50fab0e-d088-4851-8b0c-67d73f8639ca,page,main,,Main Page,0,0,,2026-01-23 21:06:57
200,34,,a50fab0e-d088-4851-8b0c-67d73f8639ca,page,main,,Main Page,0,0,,2026-01-23 21:06:57
201,33,,07fa14ee-20db-424a-b2ee-71c89584af89,page,main,,,5,0,,2026-01-23 21:07:00
202,34,,a50fab0e-d088-4851-8b0c-67d73f8639ca,page,main,,,5,0,,2026-01-23 21:07:02
203,34,,a50fab0e-d088-4851-8b0c-67d73f8639ca,page,main,,,84,0,,2026-01-23 21:08:21
204,31,,f0fe1a66-8cff-48b8-afd4-91c4799e8c3f,page,main,,,302,0,,2026-01-23 21:11:09
205,31,,f0fe1a66-8cff-48b8-afd4-91c4799e8c3f,page,main,,,730,0,,2026-01-23 21:18:16
206,35,,a50fab0e-d088-4851-8b0c-67d73f8639ca,page,main,,Main Page,0,0,,2026-01-23 21:19:07
207,35,,a50fab0e-d088-4851-8b0c-67d73f8639ca,page,main,,Main Page,0,0,,2026-01-23 21:19:07
208,35,,a50fab0e-d088-4851-8b0c-67d73f8639ca,page,main,,,5,0,,2026-01-23 21:19:12
209,36,,a50fab0e-d088-4851-8b0c-67d73f8639ca,page,main,,Main Page,0,0,,2026-01-23 21:19:36
210,36,,a50fab0e-d088-4851-8b0c-67d73f8639ca,page,main,,Main Page,0,0,,2026-01-23 21:19:36
211,36,,a50fab0e-d088-4851-8b0c-67d73f8639ca,page,main,,,5,0,,2026-01-23 21:19:41
212,36,,a50fab0e-d088-4851-8b0c-67d73f8639ca,page,main,,,19,0,,2026-01-23 21:19:56
213,37,,a50fab0e-d088-4851-8b0c-67d73f8639ca,page,main,,Main Page,0,0,,2026-01-23 21:20:18
214,37,,a50fab0e-d088-4851-8b0c-67d73f8639ca,page,main,,Main Page,0,0,,2026-01-23 21:20:18
215,37,,a50fab0e-d088-4851-8b0c-67d73f8639ca,page,main,,,5,0,,2026-01-23 21:20:23
216,37,,a50fab0e-d088-4851-8b0c-67d73f8639ca,page,main,,,14,0,,2026-01-23 21:20:33
217,37,,a50fab0e-d088-4851-8b0c-67d73f8639ca,page,main,,,32,0,,2026-01-23 21:20:51
218,38,,a50fab0e-d088-4851-8b0c-67d73f8639ca,page,main,,Main Page,0,0,,2026-01-23 21:21:51
219,38,,a50fab0e-d088-4851-8b0c-67d73f8639ca,page,main,,Main Page,0,0,,2026-01-23 21:21:51
220,38,,a50fab0e-d088-4851-8b0c-67d73f8639ca,page,main,,,5,0,,2026-01-23 21:21:56
221,38,,a50fab0e-d088-4851-8b0c-67d73f8639ca,page,main,,,17,0,,2026-01-23 21:22:08
222,38,,a50fab0e-d088-4851-8b0c-67d73f8639ca,page,main,,,48,0,,2026-01-23 21:22:40
223,31,,f0fe1a66-8cff-48b8-afd4-91c4799e8c3f,page,main,,,1121,0,,2026-01-23 21:24:47
224,31,,f0fe1a66-8cff-48b8-afd4-91c4799e8c3f,page,main,,,1135,0,,2026-01-23 21:25:01
225,39,,a50fab0e-d088-4851-8b0c-67d73f8639ca,page,main,,Main Page,0,0,,2026-01-23 21:26:26
226,39,,a50fab0e-d088-4851-8b0c-67d73f8639ca,page,main,,Main Page,0,0,,2026-01-23 21:26:26
227,40,,a50fab0e-d088-4851-8b0c-67d73f8639ca,page,main,,Main Page,0,0,,2026-01-23 21:26:32
228,40,,a50fab0e-d088-4851-8b0c-67d73f8639ca,page,main,,Main Page,0,0,,2026-01-23 21:26:32
229,40,,a50fab0e-d088-4851-8b0c-67d73f8639ca,page,main,,,5,0,,2026-01-23 21:26:37
230,40,,a50fab0e-d088-4851-8b0c-67d73f8639ca,page,main,,,34,0,,2026-01-23 21:27:06
231,40,,a50fab0e-d088-4851-8b0c-67d73f8639ca,page,main,,,79,0,,2026-01-23 21:27:51
232,31,,f0fe1a66-8cff-48b8-afd4-91c4799e8c3f,page,main,,,1398,0,,2026-01-23 21:29:24
233,41,,7e234ecf-c7d5-44eb-a7e8-76624c173eea,page,main,,Main Page,0,0,,2026-01-23 21:29:56
234,41,,7e234ecf-c7d5-44eb-a7e8-76624c173eea,page,main,,Main Page,0,0,,2026-01-23 21:29:56
235,41,,7e234ecf-c7d5-44eb-a7e8-76624c173eea,page,main,,,5,0,,2026-01-23 21:30:01
236,42,,f0fe1a66-8cff-48b8-afd4-91c4799e8c3f,page,main,,Main Page,0,0,,2026-01-23 21:31:46
237,42,,f0fe1a66-8cff-48b8-afd4-91c4799e8c3f,page,main,,Main Page,0,0,,2026-01-23 21:31:46
238,42,,f0fe1a66-8cff-48b8-afd4-91c4799e8c3f,page,main,,,5,0,,2026-01-23 21:31:51
239,43,,a50fab0e-d088-4851-8b0c-67d73f8639ca,page,main,,Main Page,0,0,,2026-01-23 21:33:35
240,43,,a50fab0e-d088-4851-8b0c-67d73f8639ca,page,main,,Main Page,0,0,,2026-01-23 21:33:35
241,43,,a50fab0e-d088-4851-8b0c-67d73f8639ca,page,main,,,5,0,,2026-01-23 21:33:40
242,43,,a50fab0e-d088-4851-8b0c-67d73f8639ca,page,main,,,16,0,,2026-01-23 21:33:52
243,44,,a50fab0e-d088-4851-8b0c-67d73f8639ca,page,main,,Main Page,0,0,,2026-01-23 21:34:33
244,44,,a50fab0e-d088-4851-8b0c-67d73f8639ca,page,main,,Main Page,0,0,,2026-01-23 21:34:33
245,44,,a50fab0e-d088-4851-8b0c-67d73f8639ca,page,main,,,5,0,,2026-01-23 21:34:38
246,44,,a50fab0e-d088-4851-8b0c-67d73f8639ca,page,main,,,49,0,,2026-01-23 21:35:23
247,45,,f0fe1a66-8cff-48b8-afd4-91c4799e8c3f,page,main,,Main Page,0,0,,2026-01-23 21:35:59
248,45,,f0fe1a66-8cff-48b8-afd4-91c4799e8c3f,page,main,,Main Page,0,0,,2026-01-23 21:35:59
249,45,,f0fe1a66-8cff-48b8-afd4-91c4799e8c3f,page,main,,,5,0,,2026-01-23 21:36:04
250,46,,a50fab0e-d088-4851-8b0c-67d73f8639ca,page,main,,Main Page,0,0,,2026-01-23 21:38:23
251,46,,a50fab0e-d088-4851-8b0c-67d73f8639ca,page,main,,Main Page,0,0,,2026-01-23 21:38:23
252,46,,a50fab0e-d088-4851-8b0c-67d73f8639ca,page,main,,,5,0,,2026-01-23 21:38:28
253,46,,a50fab0e-d088-4851-8b0c-67d73f8639ca,page,main,,,10,0,,2026-01-23 21:38:33
254,46,,a50fab0e-d088-4851-8b0c-67d73f8639ca,page,main,,,65,0,,2026-01-23 21:39:29
255,47,,f0fe1a66-8cff-48b8-afd4-91c4799e8c3f,page,main,,Main Page,0,0,,2026-01-23 21:40:05
256,47,,f0fe1a66-8cff-48b8-afd4-91c4799e8c3f,page,main,,Main Page,0,0,,2026-01-23 21:40:06
257,47,,f0fe1a66-8cff-48b8-afd4-91c4799e8c3f,page,main,,,5,0,,2026-01-23 21:40:10
258,46,,a50fab0e-d088-4851-8b0c-67d73f8639ca,page,main,,,214,0,,2026-01-23 21:41:57
259,47,,f0fe1a66-8cff-48b8-afd4-91c4799e8c3f,page,main,,,364,0,,2026-01-23 21:46:10
260,47,,f0fe1a66-8cff-48b8-afd4-91c4799e8c3f,page,main,,,2904,0,,2026-01-23 22:28:30
261,48,,f0fe1a66-8cff-48b8-afd4-91c4799e8c3f,page,main,,Main Page,0,0,,2026-01-23 23:06:34
262,48,,f0fe1a66-8cff-48b8-afd4-91c4799e8c3f,page,main,,Main Page,0,0,,2026-01-23 23:06:35
263,49,,f0fe1a66-8cff-48b8-afd4-91c4799e8c3f,page,main,,Main Page,0,0,,2026-01-23 23:06:35
264,49,,f0fe1a66-8cff-48b8-afd4-91c4799e8c3f,page,main,,Main Page,0,0,,2026-01-23 23:06:35
265,48,,f0fe1a66-8cff-48b8-afd4-91c4799e8c3f,page,main,,,5,0,,2026-01-23 23:06:40
266,49,,f0fe1a66-8cff-48b8-afd4-91c4799e8c3f,page,main,,,5,0,,2026-01-23 23:06:41
267,49,,f0fe1a66-8cff-48b8-afd4-91c4799e8c3f,page,main,,,406,0,,2026-01-23 23:13:22
268,49,,f0fe1a66-8cff-48b8-afd4-91c4799e8c3f,page,main,,,694,0,,2026-01-23 23:18:10
269,49,,f0fe1a66-8cff-48b8-afd4-91c4799e8c3f,page,main,,,1884,0,,2026-01-23 23:38:00
270,49,,f0fe1a66-8cff-48b8-afd4-91c4799e8c3f,page,main,,,2035,0,,2026-01-23 23:40:31
271,48,,f0fe1a66-8cff-48b8-afd4-91c4799e8c3f,page,main,,,2464,0,,2026-01-23 23:47:39
272,50,,f0fe1a66-8cff-48b8-afd4-91c4799e8c3f,page,main,,Main Page,0,0,,2026-01-23 23:53:15
273,50,,f0fe1a66-8cff-48b8-afd4-91c4799e8c3f,page,main,,Main Page,0,0,,2026-01-23 23:53:16
274,50,,f0fe1a66-8cff-48b8-afd4-91c4799e8c3f,page,main,,,5,0,,2026-01-23 23:53:20
275,51,,a50fab0e-d088-4851-8b0c-67d73f8639ca,page,main,,,1090,0,,2026-01-25 14:31:34
276,51,,a50fab0e-d088-4851-8b0c-67d73f8639ca,page,main,,,2341,0,,2026-01-25 14:52:24
277,52,,a50fab0e-d088-4851-8b0c-67d73f8639ca,page,main,,,3114,0,,2026-01-25 14:52:43
278,51,,a50fab0e-d088-4851-8b0c-67d73f8639ca,page,main,,,2368,0,,2026-01-25 14:52:51
279,51,,a50fab0e-d088-4851-8b0c-67d73f8639ca,page,main,,,3031,0,,2026-01-25 15:03:55
280,53,,a50fab0e-d088-4851-8b0c-67d73f8639ca,page,main,,Main Page,0,0,,2026-01-25 15:09:14
281,53,,a50fab0e-d088-4851-8b0c-67d73f8639ca,page,main,,Main Page,0,0,,2026-01-25 15:09:14
282,53,,a50fab0e-d088-4851-8b0c-67d73f8639ca,page,main,,,5,0,,2026-01-25 15:09:19
283,53,,a50fab0e-d088-4851-8b0c-67d73f8639ca,page,main,,,7,0,,2026-01-25 15:09:21
284,53,,a50fab0e-d088-4851-8b0c-67d73f8639ca,page,main,,,56,0,,2026-01-25 15:10:11
285,53,,a50fab0e-d088-4851-8b0c-67d73f8639ca,page,main,,,1018,0,,2026-01-25 15:26:13
286,54,,e7d184d1-a0a9-4a03-8d7c-585ad7d0cab4,page,main,,Main Page,0,0,,2026-01-25 16:44:51
287,54,,e7d184d1-a0a9-4a03-8d7c-585ad7d0cab4,page,main,,,34,0,,2026-01-25 16:45:26
288,54,,e7d184d1-a0a9-4a03-8d7c-585ad7d0cab4,page,main,,,70,0,,2026-01-25 16:46:01
289,53,,a50fab0e-d088-4851-8b0c-67d73f8639ca,page,main,,,5810,0,,2026-01-25 16:46:05
290,55,,e7d184d1-a0a9-4a03-8d7c-585ad7d0cab4,page,main,,Main Page,0,0,,2026-01-25 17:12:13
291,55,,e7d184d1-a0a9-4a03-8d7c-585ad7d0cab4,page,main,,,423,0,,2026-01-25 17:19:16
292,56,,e7d184d1-a0a9-4a03-8d7c-585ad7d0cab4,page,main,,Main Page,0,0,,2026-01-25 17:38:40
293,56,,e7d184d1-a0a9-4a03-8d7c-585ad7d0cab4,page,main,,,28,0,,2026-01-25 17:39:08
294,56,,e7d184d1-a0a9-4a03-8d7c-585ad7d0cab4,page,main,,,46,0,,2026-01-25 17:39:26
295,57,,0884592e-50e3-4423-99d3-ef2a9e43c82f,page,main,,Main Page,0,0,,2026-01-25 17:41:04
296,57,,0884592e-50e3-4423-99d3-ef2a9e43c82f,page,main,,Main Page,0,0,,2026-01-25 17:41:04
297,57,,0884592e-50e3-4423-99d3-ef2a9e43c82f,page,main,,,5,0,,2026-01-25 17:41:09
298,57,,0884592e-50e3-4423-99d3-ef2a9e43c82f,page,main,,,26,0,,2026-01-25 17:41:31
299,57,,0884592e-50e3-4423-99d3-ef2a9e43c82f,page,main,,,613,0,,2026-01-25 17:51:18
300,57,,0884592e-50e3-4423-99d3-ef2a9e43c82f,page,main,,,663,0,,2026-01-25 17:52:08
301,58,317319336,7664b911-ba0b-4a31-852c-39c9b8641408,page,main,,Main Page,0,0,,2026-01-25 18:01:47
302,57,,0884592e-50e3-4423-99d3-ef2a9e43c82f,page,main,,,1353,0,,2026-01-25 18:03:38
303,52,,a50fab0e-d088-4851-8b0c-67d73f8639ca,page,main,,,14571,0,,2026-01-25 18:03:40
304,59,,a50fab0e-d088-4851-8b0c-67d73f8639ca,page,main,,Main Page,0,0,,2026-01-25 18:04:52
305,56,,e7d184d1-a0a9-4a03-8d7c-585ad7d0cab4,page,main,,,1571,0,,2026-01-25 18:04:52
306,59,,a50fab0e-d088-4851-8b0c-67d73f8639ca,page,main,,Main Page,0,0,,2026-01-25 18:04:52
307,59,,a50fab0e-d088-4851-8b0c-67d73f8639ca,page,main,,,5,0,,2026-01-25 18:04:57
308,59,,a50fab0e-d088-4851-8b0c-67d73f8639ca,page,main,,,231,0,,2026-01-25 18:08:44
309,56,,e7d184d1-a0a9-4a03-8d7c-585ad7d0cab4,page,main,,,1808,0,,2026-01-25 18:08:49
310,56,,e7d184d1-a0a9-4a03-8d7c-585ad7d0cab4,page,main,,,1869,0,,2026-01-25 18:09:50
311,54,,e7d184d1-a0a9-4a03-8d7c-585ad7d0cab4,page,main,,,5119,0,,2026-01-25 18:10:10
312,60,,e7d184d1-a0a9-4a03-8d7c-585ad7d0cab4,page,main,,Main Page,0,0,,2026-01-25 18:10:19
313,60,,e7d184d1-a0a9-4a03-8d7c-585ad7d0cab4,page,main,,,53,0,,2026-01-25 18:11:11
314,60,,e7d184d1-a0a9-4a03-8d7c-585ad7d0cab4,page,main,,,759,0,,2026-01-25 18:22:58
315,60,,e7d184d1-a0a9-4a03-8d7c-585ad7d0cab4,page,main,,,2576,0,,2026-01-25 18:53:16
316,57,,0884592e-50e3-4423-99d3-ef2a9e43c82f,page,main,,,4394,0,,2026-01-25 18:54:19
317,61,,e7d184d1-a0a9-4a03-8d7c-585ad7d0cab4,page,main,,Main Page,0,0,,2026-01-25 18:54:26
318,61,,e7d184d1-a0a9-4a03-8d7c-585ad7d0cab4,page,main,,,44,0,,2026-01-25 18:55:10
319,61,,e7d184d1-a0a9-4a03-8d7c-585ad7d0cab4,page,main,,,71,0,,2026-01-25 18:55:37
320,57,,0884592e-50e3-4423-99d3-ef2a9e43c82f,page,main,,,5244,0,,2026-01-25 19:08:29
321,61,,e7d184d1-a0a9-4a03-8d7c-585ad7d0cab4,page,main,,,1214,0,,2026-01-25 19:14:40
322,61,,e7d184d1-a0a9-4a03-8d7c-585ad7d0cab4,page,main,,,1250,0,,2026-01-25 19:15:17
323,61,,e7d184d1-a0a9-4a03-8d7c-585ad7d0cab4,page,main,,,1276,0,,2026-01-25 19:15:42
324,57,,0884592e-50e3-4423-99d3-ef2a9e43c82f,page,main,,,5894,0,,2026-01-25 19:19:19
325,57,,0884592e-50e3-4423-99d3-ef2a9e43c82f,page,main,,,6056,0,,2026-01-25 19:22:01
326,62,,e7d184d1-a0a9-4a03-8d7c-585ad7d0cab4,page,main,,Main Page,0,0,,2026-01-25 19:22:58
327,62,,e7d184d1-a0a9-4a03-8d7c-585ad7d0cab4,page,main,,,36,0,,2026-01-25 19:23:34
328,57,,0884592e-50e3-4423-99d3-ef2a9e43c82f,page,main,,,6150,0,,2026-01-25 19:23:35
329,62,,e7d184d1-a0a9-4a03-8d7c-585ad7d0cab4,page,main,,,133,0,,2026-01-25 19:25:12
330,57,,0884592e-50e3-4423-99d3-ef2a9e43c82f,page,main,,,6324,0,,2026-01-25 19:26:29
331,63,,e7d184d1-a0a9-4a03-8d7c-585ad7d0cab4,page,main,,Main Page,0,0,,2026-01-25 19:26:42
332,57,,0884592e-50e3-4423-99d3-ef2a9e43c82f,page,main,,,6378,0,,2026-01-25 19:27:22
333,63,,e7d184d1-a0a9-4a03-8d7c-585ad7d0cab4,page,main,,,51,0,,2026-01-25 19:27:34
334,63,,e7d184d1-a0a9-4a03-8d7c-585ad7d0cab4,page,main,,,294,0,,2026-01-25 19:31:38
335,57,,0884592e-50e3-4423-99d3-ef2a9e43c82f,page,main,,,6726,0,,2026-01-25 19:33:11
336,63,,e7d184d1-a0a9-4a03-8d7c-585ad7d0cab4,page,main,,,391,0,,2026-01-25 19:33:15
337,64,,a50fab0e-d088-4851-8b0c-67d73f8639ca,page,main,,Main Page,0,0,,2026-01-25 19:34:30
338,64,,a50fab0e-d088-4851-8b0c-67d73f8639ca,page,main,,Main Page,0,0,,2026-01-25 19:34:30
339,63,,e7d184d1-a0a9-4a03-8d7c-585ad7d0cab4,page,main,,,470,0,,2026-01-25 19:34:34
340,64,,a50fab0e-d088-4851-8b0c-67d73f8639ca,page,main,,,5,0,,2026-01-25 19:34:35
341,64,,a50fab0e-d088-4851-8b0c-67d73f8639ca,page,main,,,113,0,,2026-01-25 19:36:24
342,64,,a50fab0e-d088-4851-8b0c-67d73f8639ca,page,main,,,128,0,,2026-01-25 19:36:38
343,57,,0884592e-50e3-4423-99d3-ef2a9e43c82f,page,main,,,6963,0,,2026-01-25 19:37:08
344,65,,e7d184d1-a0a9-4a03-8d7c-585ad7d0cab4,page,main,,Main Page,0,0,,2026-01-25 19:37:18
345,66,,e7d184d1-a0a9-4a03-8d7c-585ad7d0cab4,page,main,,Main Page,0,0,,2026-01-25 19:37:43
346,57,,0884592e-50e3-4423-99d3-ef2a9e43c82f,page,main,,,7079,0,,2026-01-25 19:39:04
347,66,,e7d184d1-a0a9-4a03-8d7c-585ad7d0cab4,page,main,,,80,0,,2026-01-25 19:39:04
348,57,,0884592e-50e3-4423-99d3-ef2a9e43c82f,page,main,,,7087,0,,2026-01-25 19:39:11
349,66,,e7d184d1-a0a9-4a03-8d7c-585ad7d0cab4,page,main,,,96,0,,2026-01-25 19:39:19
350,57,,0884592e-50e3-4423-99d3-ef2a9e43c82f,page,main,,,7095,0,,2026-01-25 19:39:19
351,57,,0884592e-50e3-4423-99d3-ef2a9e43c82f,page,main,,,7210,0,,2026-01-25 19:41:15
352,66,,e7d184d1-a0a9-4a03-8d7c-585ad7d0cab4,page,main,,,213,0,,2026-01-25 19:41:17
353,57,,0884592e-50e3-4423-99d3-ef2a9e43c82f,page,main,,,7445,0,,2026-01-25 19:45:10
354,64,,a50fab0e-d088-4851-8b0c-67d73f8639ca,page,main,,,677,0,,2026-01-25 19:45:48
355,67,,e7d184d1-a0a9-4a03-8d7c-585ad7d0cab4,page,main,,Main Page,0,0,,2026-01-25 19:45:58
356,66,,e7d184d1-a0a9-4a03-8d7c-585ad7d0cab4,page,main,,,510,0,,2026-01-25 19:46:13
357,57,,0884592e-50e3-4423-99d3-ef2a9e43c82f,page,main,,,7837,0,,2026-01-25 19:51:42
358,57,,0884592e-50e3-4423-99d3-ef2a9e43c82f,page,main,,,7878,0,,2026-01-25 19:52:23
359,57,,0884592e-50e3-4423-99d3-ef2a9e43c82f,page,main,,,7892,0,,2026-01-25 19:52:37
360,57,,0884592e-50e3-4423-99d3-ef2a9e43c82f,page,main,,,7929,0,,2026-01-25 19:53:14
361,57,,0884592e-50e3-4423-99d3-ef2a9e43c82f,page,main,,,7947,0,,2026-01-25 19:53:32
362,57,,0884592e-50e3-4423-99d3-ef2a9e43c82f,page,main,,,7994,0,,2026-01-25 19:54:19
363,57,,0884592e-50e3-4423-99d3-ef2a9e43c82f,page,main,,,8137,0,,2026-01-25 19:56:42
364,57,,0884592e-50e3-4423-99d3-ef2a9e43c82f,page,main,,,8223,0,,2026-01-25 19:58:08
365,57,,0884592e-50e3-4423-99d3-ef2a9e43c82f,page,main,,,8284,0,,2026-01-25 19:59:09
366,57,,0884592e-50e3-4423-99d3-ef2a9e43c82f,page,main,,,9655,0,,2026-01-25 20:22:00
367,66,,e7d184d1-a0a9-4a03-8d7c-585ad7d0cab4,page,main,,,2684,0,,2026-01-25 20:22:28
368,68,,e7d184d1-a0a9-4a03-8d7c-585ad7d0cab4,page,main,,Main Page,0,0,,2026-01-25 20:35:11
369,69,,e7d184d1-a0a9-4a03-8d7c-585ad7d0cab4,page,main,,Main Page,0,0,,2026-01-25 20:35:22
370,57,,0884592e-50e3-4423-99d3-ef2a9e43c82f,page,main,,,10505,0,,2026-01-25 20:36:10
371,57,,0884592e-50e3-4423-99d3-ef2a9e43c82f,page,main,,,10592,0,,2026-01-25 20:37:37
372,57,,0884592e-50e3-4423-99d3-ef2a9e43c82f,page,main,,,10747,0,,2026-01-25 20:40:12
373,70,,e7d184d1-a0a9-4a03-8d7c-585ad7d0cab4,page,main,,Main Page,0,0,,2026-01-25 21:02:22
374,71,,e7d184d1-a0a9-4a03-8d7c-585ad7d0cab4,page,main,,Main Page,0,0,,2026-01-25 21:03:16
375,71,,e7d184d1-a0a9-4a03-8d7c-585ad7d0cab4,page,main,,,16,0,,2026-01-25 21:03:32
376,71,,e7d184d1-a0a9-4a03-8d7c-585ad7d0cab4,page,main,,,168,0,,2026-01-25 21:06:05
377,71,,e7d184d1-a0a9-4a03-8d7c-585ad7d0cab4,page,main,,,225,0,,2026-01-25 21:07:01
378,71,,e7d184d1-a0a9-4a03-8d7c-585ad7d0cab4,page,main,,,267,0,,2026-01-25 21:07:43
379,71,,e7d184d1-a0a9-4a03-8d7c-585ad7d0cab4,page,main,,,300,0,,2026-01-25 21:08:16
380,72,,e7d184d1-a0a9-4a03-8d7c-585ad7d0cab4,page,main,,Main Page,0,0,,2026-01-25 21:16:30
381,73,,e7d184d1-a0a9-4a03-8d7c-585ad7d0cab4,page,main,,Main Page,0,0,,2026-01-25 21:17:19
382,74,,e7d184d1-a0a9-4a03-8d7c-585ad7d0cab4,page,main,,Main Page,0,0,,2026-01-25 21:17:39
383,73,,e7d184d1-a0a9-4a03-8d7c-585ad7d0cab4,page,main,,,20,0,,2026-01-25 21:17:39
384,73,,e7d184d1-a0a9-4a03-8d7c-585ad7d0cab4,page,main,,,36,0,,2026-01-25 21:17:55
385,75,317319336,7664b911-ba0b-4a31-852c-39c9b8641408,page,main,,Main Page,0,0,,2026-01-25 21:18:02
386,73,,e7d184d1-a0a9-4a03-8d7c-585ad7d0cab4,page,main,,,74,0,,2026-01-25 21:18:33
387,73,,e7d184d1-a0a9-4a03-8d7c-585ad7d0cab4,page,main,,,109,0,,2026-01-25 21:19:08
388,76,,e7d184d1-a0a9-4a03-8d7c-585ad7d0cab4,page,main,,Main Page,0,0,,2026-01-25 21:27:11
389,77,,e7d184d1-a0a9-4a03-8d7c-585ad7d0cab4,page,main,,Main Page,0,0,,2026-01-25 21:27:16
390,77,,e7d184d1-a0a9-4a03-8d7c-585ad7d0cab4,page,main,,,8,0,,2026-01-25 21:27:24
391,77,,e7d184d1-a0a9-4a03-8d7c-585ad7d0cab4,page,main,,,31,0,,2026-01-25 21:27:47
392,78,,e7d184d1-a0a9-4a03-8d7c-585ad7d0cab4,page,main,,Main Page,0,0,,2026-01-25 21:29:42
393,79,,e7d184d1-a0a9-4a03-8d7c-585ad7d0cab4,page,main,,Main Page,0,0,,2026-01-25 21:30:05
394,79,,e7d184d1-a0a9-4a03-8d7c-585ad7d0cab4,page,main,,,36,0,,2026-01-25 21:30:41
395,80,317319336,7664b911-ba0b-4a31-852c-39c9b8641408,page,main,,Main Page,0,0,,2026-01-25 21:56:16
396,81,,e7d184d1-a0a9-4a03-8d7c-585ad7d0cab4,page,main,,Main Page,0,0,,2026-01-25 22:04:46
397,81,,e7d184d1-a0a9-4a03-8d7c-585ad7d0cab4,page,main,,,22,0,,2026-01-25 22:05:08
398,82,,e7d184d1-a0a9-4a03-8d7c-585ad7d0cab4,page,main,,Main Page,0,0,,2026-01-25 22:18:05
399,82,,e7d184d1-a0a9-4a03-8d7c-585ad7d0cab4,page,main,,,30,0,,2026-01-25 22:18:36
400,83,,e7d184d1-a0a9-4a03-8d7c-585ad7d0cab4,page,main,,Main Page,0,0,,2026-01-25 22:19:12
401,83,,e7d184d1-a0a9-4a03-8d7c-585ad7d0cab4,page,main,,,22,0,,2026-01-25 22:19:34
402,84,,e7d184d1-a0a9-4a03-8d7c-585ad7d0cab4,page,main,,Main Page,0,0,,2026-01-25 22:19:41
403,85,,e7d184d1-a0a9-4a03-8d7c-585ad7d0cab4,page,main,,Main Page,0,0,,2026-01-25 22:19:49
404,85,,e7d184d1-a0a9-4a03-8d7c-585ad7d0cab4,page,main,,,12,0,,2026-01-25 22:20:02
405,86,,0474cf12-704c-4254-9ab3-11bb2ff0f44c,page,main,,Main Page,0,0,,2026-01-25 22:20:54
406,86,,0474cf12-704c-4254-9ab3-11bb2ff0f44c,page,main,,,20,0,,2026-01-25 22:21:14
407,85,,e7d184d1-a0a9-4a03-8d7c-585ad7d0cab4,page,main,,,86,0,,2026-01-25 22:21:17
408,83,,e7d184d1-a0a9-4a03-8d7c-585ad7d0cab4,page,main,,,125,0,,2026-01-25 22:21:17
409,83,,e7d184d1-a0a9-4a03-8d7c-585ad7d0cab4,page,main,,,225,0,,2026-01-25 22:22:57
410,86,,0474cf12-704c-4254-9ab3-11bb2ff0f44c,page,main,,,135,0,,2026-01-25 22:23:10
411,85,,e7d184d1-a0a9-4a03-8d7c-585ad7d0cab4,page,main,,,200,0,,2026-01-25 22:23:10
412,83,,e7d184d1-a0a9-4a03-8d7c-585ad7d0cab4,page,main,,,238,0,,2026-01-25 22:23:11
413,87,,e7d184d1-a0a9-4a03-8d7c-585ad7d0cab4,page,main,,Main Page,0,0,,2026-01-25 22:58:25
414,87,,e7d184d1-a0a9-4a03-8d7c-585ad7d0cab4,page,main,,,26,0,,2026-01-25 22:58:51
415,88,,a50fab0e-d088-4851-8b0c-67d73f8639ca,page,main,,Main Page,0,0,,2026-01-25 22:59:15
416,88,,a50fab0e-d088-4851-8b0c-67d73f8639ca,page,main,,Main Page,0,0,,2026-01-25 22:59:15
417,88,,a50fab0e-d088-4851-8b0c-67d73f8639ca,page,main,,,5,0,,2026-01-25 22:59:20
418,88,,a50fab0e-d088-4851-8b0c-67d73f8639ca,page,main,,,59,0,,2026-01-25 23:00:15
419,89,,a50fab0e-d088-4851-8b0c-67d73f8639ca,page,main,,Main Page,0,0,,2026-01-25 23:03:46
420,89,,a50fab0e-d088-4851-8b0c-67d73f8639ca,page,main,,Main Page,0,0,,2026-01-25 23:03:46
421,90,,e7d184d1-a0a9-4a03-8d7c-585ad7d0cab4,page,main,,Main Page,0,0,,2026-01-25 23:03:53
422,90,,e7d184d1-a0a9-4a03-8d7c-585ad7d0cab4,page,main,,,27,0,,2026-01-25 23:04:20
423,90,,e7d184d1-a0a9-4a03-8d7c-585ad7d0cab4,page,main,,,208,0,,2026-01-25 23:07:22
424,90,,e7d184d1-a0a9-4a03-8d7c-585ad7d0cab4,page,main,,,282,0,,2026-01-25 23:08:36
425,90,,e7d184d1-a0a9-4a03-8d7c-585ad7d0cab4,page,main,,,360,0,,2026-01-25 23:09:54
426,91,,e7d184d1-a0a9-4a03-8d7c-585ad7d0cab4,page,main,,Main Page,0,0,,2026-01-25 23:11:47
427,91,,e7d184d1-a0a9-4a03-8d7c-585ad7d0cab4,page,main,,,23,0,,2026-01-25 23:12:10
428,92,,e7d184d1-a0a9-4a03-8d7c-585ad7d0cab4,page,main,,Main Page,0,0,,2026-01-25 23:12:12
429,92,,e7d184d1-a0a9-4a03-8d7c-585ad7d0cab4,page,main,,,14,0,,2026-01-25 23:12:26
430,91,,e7d184d1-a0a9-4a03-8d7c-585ad7d0cab4,page,main,,,89,0,,2026-01-25 23:13:16
431,92,,e7d184d1-a0a9-4a03-8d7c-585ad7d0cab4,page,main,,,89,0,,2026-01-25 23:13:41
432,91,,e7d184d1-a0a9-4a03-8d7c-585ad7d0cab4,page,main,,,126,0,,2026-01-25 23:13:53
433,91,,e7d184d1-a0a9-4a03-8d7c-585ad7d0cab4,page,main,,,212,0,,2026-01-25 23:15:20
434,92,,e7d184d1-a0a9-4a03-8d7c-585ad7d0cab4,page,main,,,910,0,,2026-01-25 23:27:23
435,92,,e7d184d1-a0a9-4a03-8d7c-585ad7d0cab4,page,main,,,1374,0,,2026-01-25 23:35:07
